source,target,mode
0,1,repression
0,20,activation
0,10,repression
0,388,activation
0,126,repression
0,2,activation
0,28,activation
0,27,repression
0,3,repression
0,5,repression
0,9,activation
0,23,repression
0,29,repression
0,33,repression
0,42,repression
0,45,repression
0,46,repression
0,66,repression
0,69,repression
0,70,activation
0,77,activation
0,96,activation
0,102,activation
0,107,activation
0,130,repression
0,140,repression
0,159,repression
0,180,repression
0,181,activation
0,186,activation
0,190,activation
0,196,repression
0,207,repression
0,250,repression
0,261,repression
0,274,repression
0,282,repression
0,332,repression
0,387,repression
0,390,repression
0,393,repression
0,397,repression
0,400,repression
0,424,activation
0,431,repression
0,482,repression
0,577,repression
0,584,repression
0,589,activation
0,604,activation
0,628,activation
0,661,repression
0,692,activation
0,705,repression
0,714,repression
0,726,activation
0,746,repression
0,763,activation
0,779,repression
0,781,activation
0,825,repression
0,844,repression
0,853,activation
0,857,repression
0,879,repression
0,892,repression
0,927,repression
0,949,repression
0,988,activation
0,1040,repression
0,1050,activation
0,1067,activation
0,1077,repression
0,1122,activation
0,1149,activation
0,1158,activation
0,1203,repression
0,1254,repression
0,1268,activation
0,1331,repression
0,1708,activation
0,1765,repression
0,1808,repression
1,2,activation
1,1,repression
1,10,repression
1,19,activation
1,32,repression
1,28,repression
1,7,repression
1,52,activation
1,47,activation
1,205,repression
1,226,repression
1,48,activation
1,415,repression
1,471,repression
1,20,repression
1,536,activation
1,602,repression
1,173,activation
1,852,repression
1,876,repression
1,970,repression
1,419,repression
1,319,repression
1,129,repression
1,3,activation
1,4,repression
1,5,repression
1,6,repression
1,8,activation
1,9,repression
1,11,repression
1,12,repression
1,13,repression
1,14,activation
1,15,activation
1,16,repression
1,17,activation
1,18,repression
1,21,repression
1,23,activation
1,24,repression
1,26,repression
1,29,repression
1,31,activation
1,33,activation
1,35,repression
1,37,repression
1,38,repression
1,41,activation
1,42,repression
1,43,repression
1,44,repression
1,45,activation
1,50,repression
1,51,activation
1,54,activation
1,56,repression
1,57,repression
1,59,activation
1,61,repression
1,64,repression
1,65,repression
1,66,repression
1,68,repression
1,69,activation
1,70,activation
1,74,activation
1,76,repression
1,77,repression
1,80,repression
1,81,activation
1,82,repression
1,83,repression
1,85,activation
1,87,repression
1,88,repression
1,90,repression
1,91,activation
1,94,activation
1,96,repression
1,97,activation
1,98,repression
1,100,activation
1,101,activation
1,102,activation
1,103,repression
1,104,repression
1,105,repression
1,106,activation
1,107,activation
1,108,activation
1,112,activation
1,115,repression
1,118,repression
1,121,repression
1,122,activation
1,124,activation
1,128,repression
1,130,activation
1,131,activation
1,134,repression
1,137,activation
1,138,activation
1,140,repression
1,141,repression
1,143,activation
1,144,repression
1,145,repression
1,146,repression
1,149,repression
1,151,repression
1,152,repression
1,154,repression
1,155,activation
1,156,activation
1,157,activation
1,158,repression
1,159,repression
1,160,repression
1,161,repression
1,162,activation
1,163,repression
1,164,repression
1,165,repression
1,166,activation
1,167,repression
1,168,repression
1,169,activation
1,171,activation
1,172,repression
1,175,repression
1,176,activation
1,178,activation
1,180,repression
1,181,repression
1,182,repression
1,183,repression
1,185,repression
1,188,repression
1,189,repression
1,191,repression
1,194,repression
1,195,repression
1,196,activation
1,198,repression
1,199,repression
1,200,repression
1,201,activation
1,202,activation
1,203,repression
1,204,repression
1,206,repression
1,207,repression
1,209,repression
1,211,repression
1,212,activation
1,214,repression
1,215,repression
1,216,repression
1,218,activation
1,221,repression
1,223,activation
1,227,repression
1,228,repression
1,229,repression
1,231,repression
1,234,repression
1,235,activation
1,238,repression
1,239,repression
1,240,repression
1,241,repression
1,242,repression
1,244,repression
1,245,repression
1,246,activation
1,248,repression
1,250,repression
1,253,repression
1,254,repression
1,257,repression
1,259,activation
1,260,repression
1,261,repression
1,262,repression
1,263,activation
1,265,repression
1,269,activation
1,270,activation
1,271,repression
1,273,repression
1,275,repression
1,277,activation
1,279,repression
1,282,repression
1,283,repression
1,288,activation
1,289,repression
1,291,repression
1,293,activation
1,295,activation
1,296,repression
1,297,repression
1,298,repression
1,301,activation
1,305,repression
1,306,activation
1,308,repression
1,312,repression
1,313,repression
1,314,activation
1,315,activation
1,316,repression
1,321,activation
1,323,repression
1,327,activation
1,328,activation
1,330,activation
1,332,repression
1,335,activation
1,336,repression
1,337,repression
1,338,repression
1,340,repression
1,341,repression
1,342,activation
1,343,repression
1,347,repression
1,349,activation
1,350,activation
1,351,activation
1,352,repression
1,356,repression
1,357,activation
1,358,repression
1,359,repression
1,360,repression
1,361,repression
1,362,activation
1,363,activation
1,367,repression
1,371,repression
1,372,repression
1,374,repression
1,375,repression
1,376,repression
1,378,activation
1,381,activation
1,384,activation
1,385,repression
1,386,activation
1,387,repression
1,389,repression
1,391,repression
1,392,repression
1,395,repression
1,399,activation
1,400,activation
1,403,repression
1,404,repression
1,411,repression
1,413,repression
1,416,repression
1,418,repression
1,420,repression
1,423,repression
1,424,repression
1,430,repression
1,431,activation
1,432,activation
1,433,repression
1,434,activation
1,439,repression
1,440,repression
1,443,repression
1,445,repression
1,448,repression
1,451,activation
1,454,activation
1,455,repression
1,456,repression
1,459,repression
1,460,repression
1,462,repression
1,464,repression
1,466,repression
1,467,repression
1,468,repression
1,480,activation
1,482,activation
1,483,repression
1,491,repression
1,492,repression
1,495,repression
1,496,repression
1,497,repression
1,498,repression
1,501,repression
1,502,repression
1,503,repression
1,504,repression
1,506,activation
1,507,repression
1,509,activation
1,510,repression
1,511,repression
1,513,activation
1,514,repression
1,515,repression
1,516,repression
1,518,activation
1,520,repression
1,521,repression
1,526,activation
1,527,activation
1,530,repression
1,535,repression
1,539,repression
1,548,repression
1,549,repression
1,550,repression
1,551,repression
1,552,activation
1,553,repression
1,554,activation
1,556,activation
1,559,repression
1,560,activation
1,561,repression
1,562,repression
1,563,activation
1,564,activation
1,565,activation
1,567,repression
1,569,repression
1,573,activation
1,574,repression
1,575,repression
1,576,activation
1,577,repression
1,579,repression
1,580,activation
1,581,repression
1,582,activation
1,583,activation
1,584,repression
1,586,repression
1,587,repression
1,593,repression
1,596,repression
1,597,repression
1,601,repression
1,605,activation
1,607,repression
1,610,repression
1,611,repression
1,612,repression
1,613,repression
1,614,activation
1,615,activation
1,618,repression
1,619,repression
1,622,repression
1,625,repression
1,629,activation
1,635,repression
1,636,repression
1,639,activation
1,641,activation
1,652,repression
1,653,repression
1,654,repression
1,656,activation
1,657,repression
1,658,repression
1,660,repression
1,661,repression
1,664,repression
1,665,repression
1,669,repression
1,673,repression
1,677,repression
1,679,repression
1,686,activation
1,688,activation
1,689,repression
1,690,activation
1,691,activation
1,692,activation
1,693,activation
1,705,repression
1,711,repression
1,714,repression
1,716,repression
1,717,activation
1,718,repression
1,719,repression
1,722,repression
1,723,activation
1,725,repression
1,727,repression
1,728,repression
1,729,activation
1,730,repression
1,732,activation
1,734,repression
1,735,activation
1,736,repression
1,738,activation
1,740,repression
1,745,activation
1,747,repression
1,750,repression
1,752,repression
1,753,repression
1,755,repression
1,761,repression
1,764,repression
1,767,repression
1,774,repression
1,782,repression
1,784,repression
1,785,activation
1,786,repression
1,788,repression
1,790,activation
1,791,repression
1,809,repression
1,821,repression
1,822,activation
1,826,repression
1,827,repression
1,830,repression
1,834,activation
1,844,repression
1,846,repression
1,847,activation
1,848,repression
1,853,activation
1,855,repression
1,859,repression
1,860,repression
1,862,repression
1,864,repression
1,865,activation
1,870,repression
1,872,repression
1,873,repression
1,874,repression
1,875,repression
1,880,repression
1,882,repression
1,883,repression
1,887,repression
1,888,repression
1,898,activation
1,899,repression
1,900,repression
1,902,activation
1,905,repression
1,907,activation
1,913,activation
1,915,repression
1,919,activation
1,926,repression
1,929,repression
1,931,repression
1,932,activation
1,936,repression
1,937,repression
1,938,repression
1,939,activation
1,941,repression
1,943,repression
1,944,repression
1,945,activation
1,946,repression
1,948,repression
1,951,repression
1,952,activation
1,962,repression
1,965,activation
1,966,repression
1,969,repression
1,972,activation
1,973,repression
1,975,activation
1,976,activation
1,979,repression
1,980,repression
1,981,repression
1,983,repression
1,985,repression
1,991,activation
1,992,repression
1,993,repression
1,995,repression
1,996,activation
1,997,repression
1,1002,repression
1,1003,repression
1,1016,activation
1,1020,activation
1,1022,repression
1,1024,repression
1,1031,repression
1,1039,repression
1,1040,repression
1,1042,repression
1,1044,activation
1,1045,repression
1,1046,repression
1,1049,repression
1,1053,repression
1,1056,repression
1,1058,activation
1,1060,repression
1,1063,repression
1,1065,repression
1,1071,repression
1,1080,repression
1,1083,repression
1,1086,repression
1,1087,activation
1,1091,repression
1,1095,repression
1,1096,repression
1,1098,activation
1,1104,activation
1,1107,repression
1,1108,repression
1,1112,repression
1,1113,activation
1,1115,activation
1,1116,repression
1,1118,repression
1,1119,repression
1,1120,activation
1,1129,repression
1,1130,activation
1,1132,activation
1,1133,repression
1,1137,activation
1,1139,repression
1,1142,repression
1,1143,activation
1,1144,repression
1,1152,activation
1,1154,repression
1,1158,repression
1,1161,repression
1,1165,repression
1,1166,repression
1,1167,repression
1,1168,repression
1,1169,activation
1,1170,repression
1,1173,repression
1,1177,repression
1,1181,repression
1,1182,activation
1,1183,activation
1,1184,repression
1,1187,repression
1,1191,activation
1,1193,repression
1,1196,activation
1,1197,repression
1,1200,repression
1,1201,activation
1,1202,repression
1,1207,repression
1,1208,repression
1,1212,repression
1,1213,activation
1,1217,activation
1,1218,repression
1,1219,repression
1,1220,repression
1,1222,repression
1,1224,repression
1,1228,activation
1,1230,repression
1,1232,repression
1,1235,repression
1,1246,repression
1,1249,activation
1,1250,activation
1,1252,repression
1,1254,activation
1,1255,repression
1,1256,repression
1,1264,repression
1,1267,repression
1,1269,repression
1,1270,repression
1,1274,activation
1,1277,repression
1,1278,repression
1,1281,activation
1,1283,repression
1,1295,activation
1,1299,repression
1,1306,repression
1,1311,activation
1,1314,repression
1,1317,repression
1,1318,repression
1,1320,repression
1,1327,activation
1,1328,repression
1,1330,repression
1,1333,repression
1,1334,repression
1,1337,repression
1,1339,repression
1,1342,activation
1,1343,activation
1,1345,repression
1,1346,repression
1,1351,repression
1,1354,repression
1,1358,repression
1,1360,repression
1,1361,repression
1,1362,repression
1,1369,repression
1,1371,repression
1,1372,repression
1,1383,repression
1,1384,repression
1,1398,activation
1,1401,repression
1,1404,activation
1,1411,repression
1,1412,repression
1,1413,activation
1,1415,repression
1,1419,activation
1,1420,repression
1,1426,repression
1,1429,activation
1,1430,activation
1,1437,repression
1,1440,activation
1,1441,activation
1,1443,repression
1,1446,repression
1,1447,repression
1,1448,activation
1,1449,repression
1,1450,activation
1,1454,repression
1,1456,repression
1,1460,repression
1,1462,activation
1,1468,repression
1,1469,repression
1,1470,repression
1,1472,repression
1,1475,repression
1,1476,activation
1,1479,activation
1,1482,repression
1,1484,repression
1,1485,activation
1,1494,activation
1,1500,repression
1,1501,repression
1,1502,repression
1,1512,repression
1,1520,repression
1,1530,repression
1,1533,activation
1,1534,repression
1,1537,repression
1,1541,repression
1,1543,repression
1,1555,repression
1,1557,repression
1,1562,repression
1,1566,repression
1,1571,repression
1,1572,repression
1,1574,repression
1,1577,activation
1,1578,repression
1,1581,activation
1,1583,activation
1,1589,repression
1,1598,activation
1,1600,repression
1,1611,repression
1,1618,repression
1,1619,repression
1,1624,activation
1,1625,repression
1,1630,repression
1,1637,repression
1,1641,repression
1,1644,repression
1,1646,repression
1,1648,activation
1,1654,activation
1,1655,activation
1,1656,activation
1,1657,activation
1,1660,repression
1,1664,repression
1,1665,repression
1,1667,repression
1,1669,repression
1,1673,activation
1,1674,repression
1,1675,repression
1,1676,repression
1,1681,activation
1,1683,repression
1,1684,activation
1,1702,repression
1,1705,activation
1,1714,repression
1,1717,repression
1,1725,activation
1,1733,activation
1,1736,activation
1,1737,activation
1,1741,repression
1,1747,repression
1,1750,repression
1,1752,activation
1,1753,repression
1,1758,activation
1,1761,repression
1,1762,activation
1,1768,repression
1,1773,repression
1,1780,repression
1,1782,repression
1,1784,repression
1,1786,repression
1,1790,activation
1,1792,activation
1,1795,repression
1,1796,repression
1,1802,repression
1,1803,repression
1,1807,activation
1,1816,activation
1,1829,activation
1,1834,activation
1,1843,activation
1,1846,repression
1,1847,repression
1,1849,activation
1,1850,activation
1,1851,repression
1,1852,activation
1,1853,repression
1,1858,repression
1,1861,repression
1,1862,repression
1,1863,repression
1,1865,activation
1,1871,repression
1,1872,repression
1,1876,repression
1,1886,activation
1,1889,activation
1,1891,activation
1,1896,repression
1,1905,activation
1,1906,repression
1,1908,repression
1,1909,repression
1,1911,repression
1,1914,repression
1,1916,repression
1,1917,repression
1,1918,activation
1,1919,repression
1,1922,repression
1,1927,activation
1,1933,activation
1,1934,repression
1,1937,repression
1,1945,repression
1,1946,repression
1,1951,activation
1,1955,activation
1,1956,repression
1,1965,repression
1,1966,activation
1,1967,repression
1,1973,repression
1,1974,repression
1,1979,activation
1,1984,repression
1,1987,repression
1,1990,repression
1,1993,activation
1,1995,repression
1,1998,repression
2,49,repression
2,10,repression
2,20,repression
2,27,repression
2,52,repression
2,67,repression
2,707,activation
2,3,activation
2,5,repression
2,9,activation
2,11,repression
2,12,repression
2,13,activation
2,15,repression
2,16,repression
2,18,repression
2,21,activation
2,23,repression
2,24,repression
2,26,activation
2,29,activation
2,33,repression
2,39,activation
2,45,activation
2,53,repression
2,64,activation
2,70,activation
2,73,repression
2,74,activation
2,77,activation
2,78,activation
2,96,activation
2,97,repression
2,102,activation
2,106,repression
2,114,repression
2,120,repression
2,122,activation
2,127,repression
2,128,repression
2,140,repression
2,150,activation
2,159,repression
2,160,activation
2,166,activation
2,178,repression
2,183,repression
2,184,repression
2,186,repression
2,191,repression
2,196,repression
2,199,repression
2,201,activation
2,202,activation
2,203,activation
2,204,repression
2,207,repression
2,212,repression
2,214,repression
2,217,activation
2,220,repression
2,228,activation
2,234,repression
2,238,repression
2,246,repression
2,248,activation
2,253,repression
2,275,repression
2,277,repression
2,281,repression
2,286,repression
2,291,activation
2,311,repression
2,315,repression
2,320,activation
2,324,activation
2,336,activation
2,367,activation
2,389,activation
2,394,activation
2,399,activation
2,409,repression
2,457,activation
2,490,activation
2,506,activation
2,511,repression
2,543,repression
2,557,repression
2,574,repression
2,589,repression
2,601,repression
2,614,activation
2,627,activation
2,644,repression
2,645,repression
2,695,repression
2,712,activation
2,714,repression
2,744,activation
2,745,activation
2,759,repression
2,807,repression
2,817,activation
2,818,repression
2,866,activation
2,872,repression
2,907,repression
2,918,repression
2,919,repression
2,953,repression
2,956,activation
2,959,activation
2,974,repression
2,981,repression
2,1000,repression
2,1013,repression
2,1018,repression
2,1028,activation
2,1029,repression
2,1033,repression
2,1034,repression
2,1066,repression
2,1070,repression
2,1085,activation
2,1112,repression
2,1126,repression
2,1131,activation
2,1141,repression
2,1164,activation
2,1169,repression
2,1171,repression
2,1178,repression
2,1189,repression
2,1240,repression
2,1257,activation
2,1265,repression
2,1267,repression
2,1273,repression
2,1332,repression
2,1381,activation
2,1398,repression
2,1403,activation
2,1435,activation
2,1442,repression
2,1457,repression
2,1464,activation
2,1483,activation
2,1518,repression
2,1568,repression
2,1591,activation
2,1599,repression
2,1644,repression
2,1647,repression
2,1682,activation
2,1699,repression
2,1710,activation
2,1719,repression
2,1720,repression
2,1742,repression
2,1745,repression
2,1793,activation
2,1809,repression
2,1832,repression
2,1841,repression
2,1856,repression
2,1915,activation
2,1928,activation
2,1978,repression
3,4,activation
3,7,activation
3,22,repression
3,36,repression
3,27,repression
3,75,repression
3,10,activation
3,89,repression
3,52,activation
3,119,repression
3,177,activation
3,48,repression
3,264,repression
3,28,repression
3,285,repression
3,319,repression
3,40,repression
3,333,activation
3,429,activation
3,437,repression
3,197,activation
3,595,repression
3,494,repression
3,20,activation
3,733,repression
3,568,repression
3,113,activation
3,272,repression
3,881,activation
3,129,activation
3,224,repression
3,249,repression
3,1097,repression
3,303,repression
3,1120,repression
3,1153,repression
3,32,repression
3,811,repression
3,125,repression
3,126,repression
3,1382,activation
3,1467,repression
3,1549,repression
3,1579,repression
3,30,repression
3,210,activation
3,1840,activation
3,1055,repression
4,10,activation
4,22,activation
4,5,activation
4,8,activation
4,9,activation
4,12,activation
4,13,activation
4,21,activation
4,25,activation
4,26,repression
4,29,activation
4,33,activation
4,34,activation
4,42,activation
4,46,activation
4,74,activation
4,84,activation
4,88,repression
4,102,activation
4,105,activation
4,106,activation
4,109,repression
4,139,activation
4,140,activation
4,146,repression
4,191,activation
4,215,repression
4,223,activation
4,263,activation
4,278,activation
4,301,activation
4,313,repression
4,332,activation
4,348,repression
4,352,activation
4,369,activation
4,406,activation
4,452,activation
4,537,activation
4,554,repression
4,596,activation
4,626,activation
4,687,activation
4,758,activation
4,777,activation
4,843,activation
4,871,activation
4,874,activation
4,880,activation
4,990,activation
4,1052,activation
4,1125,activation
4,1196,activation
4,1209,activation
4,1211,activation
4,1339,activation
4,1345,activation
4,1407,activation
4,1445,activation
4,1497,activation
4,1511,activation
4,1569,activation
4,1727,activation
4,1764,activation
4,1767,activation
4,1772,activation
4,1910,activation
4,1943,repression
4,1960,activation
4,1975,activation
4,1989,activation
4,1992,activation
5,22,activation
5,27,activation
5,30,activation
5,40,activation
5,10,activation
5,28,activation
5,117,activation
5,179,activation
5,7,activation
5,192,repression
5,303,activation
5,318,activation
5,129,activation
5,52,activation
5,414,activation
5,99,activation
5,519,repression
5,47,activation
5,768,activation
5,776,activation
5,422,activation
5,1037,activation
5,508,activation
5,20,activation
5,1216,activation
5,1296,activation
5,377,activation
5,126,activation
5,32,activation
5,1538,activation
5,1551,activation
5,48,activation
5,1623,activation
5,1636,activation
5,1663,activation
5,1680,activation
5,1729,activation
5,322,activation
5,1072,activation
5,1822,activation
5,1467,activation
5,1964,activation
6,322,repression
7,9,repression
7,13,repression
7,18,activation
7,21,activation
7,23,repression
7,25,repression
7,33,activation
7,37,repression
7,57,repression
7,58,activation
7,71,repression
7,74,activation
7,92,repression
7,96,repression
7,97,repression
7,103,activation
7,107,repression
7,112,repression
7,151,repression
7,152,repression
7,172,repression
7,189,repression
7,193,repression
7,202,repression
7,206,activation
7,215,activation
7,229,repression
7,256,repression
7,275,repression
7,277,activation
7,290,repression
7,296,repression
7,299,activation
7,308,repression
7,310,repression
7,323,repression
7,327,repression
7,342,repression
7,344,activation
7,359,repression
7,368,repression
7,374,activation
7,375,activation
7,386,repression
7,439,repression
7,450,activation
7,455,activation
7,463,activation
7,475,activation
7,479,repression
7,491,activation
7,492,repression
7,496,repression
7,528,activation
7,555,activation
7,558,repression
7,596,repression
7,615,repression
7,633,repression
7,661,repression
7,677,repression
7,678,activation
7,682,repression
7,710,repression
7,823,repression
7,897,activation
7,912,repression
7,998,activation
7,1031,repression
7,1195,activation
7,1203,repression
7,1306,activation
7,1335,activation
7,1355,repression
7,1613,repression
7,1671,repression
7,1686,repression
7,1718,repression
7,1794,activation
7,1800,activation
7,1810,repression
7,1811,repression
7,1866,repression
7,1981,activation
8,129,activation
8,75,repression
8,10,repression
8,28,repression
8,173,repression
8,494,activation
8,1423,repression
8,1553,repression
9,28,activation
9,48,activation
9,22,activation
9,36,activation
9,10,activation
9,197,activation
9,20,activation
9,345,activation
9,30,activation
9,474,activation
9,485,activation
9,590,activation
9,117,activation
9,706,activation
9,737,repression
9,680,activation
9,32,activation
9,47,repression
9,916,repression
9,958,activation
9,52,activation
9,1111,activation
9,1160,activation
9,1263,activation
9,116,activation
9,1373,activation
9,119,activation
9,67,activation
9,1585,activation
9,173,activation
9,126,activation
9,852,activation
9,508,activation
9,1940,activation
10,12,repression
10,13,repression
10,14,repression
10,16,repression
10,23,repression
10,26,repression
10,29,repression
10,35,repression
10,38,repression
10,41,activation
10,54,repression
10,57,repression
10,62,repression
10,63,activation
10,64,repression
10,70,activation
10,73,repression
10,74,repression
10,81,repression
10,82,repression
10,85,repression
10,86,repression
10,90,activation
10,93,repression
10,94,activation
10,96,activation
10,97,activation
10,98,repression
10,101,repression
10,102,repression
10,103,repression
10,104,activation
10,105,repression
10,106,repression
10,108,repression
10,112,repression
10,132,activation
10,140,activation
10,141,repression
10,144,activation
10,145,activation
10,151,activation
10,159,activation
10,164,activation
10,169,repression
10,172,repression
10,174,repression
10,191,repression
10,193,activation
10,194,repression
10,196,repression
10,203,activation
10,204,repression
10,207,repression
10,213,repression
10,219,repression
10,225,repression
10,227,repression
10,242,repression
10,253,activation
10,255,repression
10,270,activation
10,271,activation
10,274,repression
10,276,repression
10,280,activation
10,283,repression
10,289,repression
10,292,repression
10,309,activation
10,320,repression
10,321,repression
10,327,activation
10,328,activation
10,329,activation
10,330,repression
10,332,repression
10,335,repression
10,351,repression
10,352,repression
10,359,repression
10,360,repression
10,364,repression
10,365,repression
10,376,activation
10,395,repression
10,424,activation
10,425,activation
10,455,repression
10,481,repression
10,482,repression
10,486,repression
10,492,repression
10,504,repression
10,534,repression
10,535,repression
10,545,activation
10,558,repression
10,575,repression
10,587,repression
10,593,repression
10,598,repression
10,604,activation
10,615,repression
10,641,repression
10,647,activation
10,654,repression
10,659,repression
10,662,repression
10,664,repression
10,665,activation
10,675,activation
10,677,repression
10,699,repression
10,747,repression
10,748,activation
10,782,repression
10,796,repression
10,800,activation
10,804,repression
10,815,repression
10,824,repression
10,825,repression
10,827,repression
10,828,repression
10,834,repression
10,853,repression
10,859,repression
10,870,repression
10,871,repression
10,873,repression
10,887,activation
10,894,repression
10,904,activation
10,909,repression
10,915,repression
10,919,repression
10,922,repression
10,937,activation
10,987,activation
10,1007,repression
10,1012,repression
10,1014,repression
10,1040,repression
10,1041,repression
10,1048,activation
10,1059,repression
10,1081,activation
10,1084,repression
10,1091,repression
10,1112,repression
10,1126,repression
10,1134,repression
10,1147,activation
10,1187,activation
10,1194,activation
10,1206,repression
10,1217,repression
10,1228,repression
10,1238,repression
10,1241,activation
10,1245,repression
10,1256,repression
10,1260,repression
10,1267,repression
10,1271,repression
10,1284,activation
10,1286,repression
10,1288,repression
10,1301,repression
10,1303,activation
10,1358,repression
10,1370,repression
10,1379,repression
10,1396,activation
10,1399,repression
10,1409,repression
10,1426,repression
10,1439,activation
10,1476,repression
10,1485,repression
10,1491,repression
10,1531,repression
10,1535,repression
10,1554,repression
10,1563,activation
10,1567,activation
10,1573,repression
10,1576,repression
10,1587,repression
10,1608,repression
10,1609,activation
10,1679,repression
10,1701,repression
10,1709,activation
10,1731,repression
10,1743,repression
10,1777,activation
10,1801,activation
10,1820,repression
10,1827,repression
10,1848,repression
10,1867,repression
10,1939,repression
10,1968,repression
10,1970,repression
10,1991,repression
11,27,repression
12,99,activation
12,257,activation
12,631,activation
12,850,activation
12,22,activation
13,30,repression
13,48,activation
13,22,activation
13,27,repression
13,28,activation
13,616,activation
13,116,activation
13,52,activation
14,36,repression
15,20,activation
15,173,activation
15,707,activation
15,52,activation
15,1815,activation
16,123,activation
16,126,repression
16,606,activation
16,1434,repression
16,1734,repression
16,177,activation
17,1069,activation
18,20,repression
18,226,repression
18,28,repression
18,1706,repression
19,21,repression
19,23,repression
19,70,repression
19,73,activation
19,84,activation
19,96,activation
19,131,repression
19,167,repression
19,178,repression
19,187,activation
19,194,activation
19,199,repression
19,253,repression
19,275,repression
19,291,repression
19,456,repression
19,584,repression
19,664,activation
19,794,repression
19,837,repression
19,957,repression
19,967,repression
19,1009,activation
19,1225,repression
19,1312,repression
19,1509,repression
19,1818,repression
20,21,repression
20,26,repression
20,29,activation
20,33,repression
20,53,activation
20,54,repression
20,68,repression
20,74,repression
20,77,repression
20,78,repression
20,90,activation
20,92,repression
20,103,activation
20,106,repression
20,114,activation
20,144,repression
20,154,repression
20,193,repression
20,202,repression
20,206,activation
20,235,repression
20,238,activation
20,253,repression
20,269,repression
20,314,activation
20,321,repression
20,323,activation
20,331,repression
20,393,repression
20,403,repression
20,413,repression
20,434,repression
20,442,repression
20,478,activation
20,513,activation
20,528,repression
20,598,activation
20,601,activation
20,620,activation
20,621,repression
20,643,repression
20,655,repression
20,724,repression
20,741,activation
20,829,repression
20,905,activation
20,921,repression
20,1025,activation
20,1056,repression
20,1100,repression
20,1117,repression
20,1156,repression
20,1212,repression
20,1244,repression
20,1304,activation
20,1333,activation
20,1338,repression
20,1349,repression
20,1352,repression
20,1376,repression
20,1458,repression
20,1515,repression
20,1540,repression
20,1562,repression
20,1575,repression
20,1689,activation
20,1707,repression
20,1761,repression
20,1783,activation
20,1806,repression
20,1855,repression
20,1863,repression
21,125,activation
21,396,activation
21,28,activation
21,783,activation
21,867,activation
21,48,activation
21,27,activation
21,377,activation
21,1072,activation
21,67,activation
21,322,activation
21,1282,activation
21,1064,activation
21,1561,activation
21,1769,activation
22,26,activation
22,35,activation
22,37,repression
22,41,repression
22,44,repression
22,71,activation
22,77,repression
22,79,repression
22,91,activation
22,93,activation
22,95,activation
22,121,activation
22,139,repression
22,147,repression
22,170,repression
22,196,repression
22,207,repression
22,215,repression
22,219,repression
22,225,repression
22,227,repression
22,259,repression
22,263,repression
22,265,repression
22,267,repression
22,278,repression
22,304,repression
22,343,repression
22,356,repression
22,365,repression
22,395,activation
22,456,repression
22,478,repression
22,483,activation
22,486,repression
22,498,repression
22,510,repression
22,555,activation
22,561,activation
22,601,repression
22,638,repression
22,645,repression
22,659,repression
22,667,repression
22,820,activation
22,832,activation
22,835,repression
22,933,repression
22,941,repression
22,961,activation
22,977,repression
22,994,repression
22,1017,repression
22,1067,repression
22,1106,repression
22,1127,repression
22,1223,repression
22,1249,activation
22,1259,repression
22,1267,repression
22,1279,repression
22,1302,repression
22,1322,activation
22,1366,repression
22,1408,repression
22,1417,repression
22,1444,repression
22,1446,repression
22,1459,repression
22,1471,repression
22,1532,repression
22,1712,repression
22,1757,repression
22,1771,repression
22,1823,activation
22,1924,repression
22,1985,repression
22,1988,activation
23,126,activation
23,517,activation
23,27,activation
23,30,activation
23,1539,activation
23,1564,repression
23,319,activation
23,52,activation
23,630,activation
24,318,activation
24,1884,repression
24,1434,repression
25,129,activation
25,1434,repression
26,28,repression
26,249,repression
26,52,activation
26,27,repression
26,708,activation
26,733,repression
26,783,repression
26,642,repression
27,29,repression
27,31,repression
27,33,repression
27,45,activation
27,55,repression
27,57,repression
27,72,activation
27,81,repression
27,83,activation
27,87,repression
27,90,repression
27,94,activation
27,95,repression
27,98,repression
27,100,repression
27,101,activation
27,102,repression
27,104,repression
27,105,repression
27,108,repression
27,109,repression
27,111,activation
27,122,activation
27,124,repression
27,128,repression
27,139,activation
27,145,repression
27,148,repression
27,157,repression
27,159,repression
27,160,activation
27,162,repression
27,180,activation
27,182,activation
27,183,activation
27,187,repression
27,189,repression
27,199,repression
27,200,activation
27,201,repression
27,202,repression
27,204,activation
27,257,activation
27,266,repression
27,295,activation
27,314,repression
27,323,repression
27,328,repression
27,335,repression
27,339,activation
27,356,repression
27,358,repression
27,374,activation
27,375,activation
27,387,activation
27,395,repression
27,406,repression
27,426,repression
27,427,repression
27,439,activation
27,447,repression
27,469,activation
27,470,activation
27,476,activation
27,481,repression
27,482,repression
27,486,repression
27,492,activation
27,506,repression
27,546,repression
27,553,repression
27,554,repression
27,609,activation
27,648,activation
27,662,repression
27,666,repression
27,693,activation
27,735,repression
27,740,repression
27,754,activation
27,763,activation
27,765,activation
27,774,repression
27,809,repression
27,822,activation
27,910,activation
27,925,repression
27,955,repression
27,1002,activation
27,1032,activation
27,1044,activation
27,1049,repression
27,1062,repression
27,1093,repression
27,1166,repression
27,1221,activation
27,1235,repression
27,1268,repression
27,1326,repression
27,1329,activation
27,1335,repression
27,1340,repression
27,1380,activation
27,1385,repression
27,1436,activation
27,1474,activation
27,1495,repression
27,1503,repression
27,1509,repression
27,1529,repression
27,1550,repression
27,1580,repression
27,1621,repression
27,1631,repression
27,1732,repression
27,1754,repression
27,1775,activation
27,1791,repression
27,1817,repression
27,1893,repression
28,29,repression
28,33,repression
28,34,activation
28,35,repression
28,41,activation
28,51,activation
28,56,activation
28,60,repression
28,65,activation
28,72,repression
28,74,activation
28,76,activation
28,80,repression
28,90,activation
28,93,activation
28,95,activation
28,101,repression
28,105,activation
28,108,repression
28,109,activation
28,111,repression
28,114,repression
28,128,activation
28,132,repression
28,146,repression
28,148,repression
28,149,repression
28,151,repression
28,153,repression
28,155,repression
28,160,repression
28,162,repression
28,164,activation
28,172,repression
28,176,activation
28,189,repression
28,191,repression
28,196,repression
28,202,repression
28,235,repression
28,248,repression
28,251,repression
28,252,repression
28,266,repression
28,268,repression
28,284,activation
28,292,repression
28,300,activation
28,301,repression
28,306,activation
28,315,activation
28,320,activation
28,332,activation
28,343,repression
28,347,repression
28,349,repression
28,351,repression
28,360,repression
28,366,repression
28,369,repression
28,375,repression
28,381,repression
28,405,repression
28,410,activation
28,412,repression
28,425,activation
28,433,repression
28,435,repression
28,477,repression
28,496,repression
28,500,activation
28,520,repression
28,524,activation
28,531,repression
28,533,activation
28,555,activation
28,556,activation
28,558,repression
28,570,repression
28,597,repression
28,600,activation
28,601,repression
28,609,activation
28,612,repression
28,618,repression
28,623,repression
28,650,repression
28,670,repression
28,681,activation
28,695,repression
28,738,activation
28,745,repression
28,765,activation
28,771,repression
28,772,repression
28,773,activation
28,789,activation
28,792,activation
28,797,repression
28,801,repression
28,806,activation
28,924,repression
28,968,activation
28,1002,activation
28,1003,activation
28,1008,repression
28,1011,repression
28,1036,repression
28,1038,activation
28,1047,repression
28,1051,repression
28,1066,activation
28,1086,repression
28,1087,repression
28,1112,repression
28,1121,repression
28,1124,activation
28,1159,repression
28,1167,repression
28,1169,activation
28,1182,repression
28,1199,repression
28,1208,repression
28,1211,repression
28,1237,repression
28,1260,repression
28,1306,repression
28,1308,repression
28,1311,activation
28,1389,activation
28,1446,activation
28,1485,repression
28,1508,repression
28,1525,repression
28,1547,repression
28,1582,repression
28,1586,repression
28,1614,repression
28,1615,activation
28,1629,repression
28,1655,repression
28,1661,activation
28,1669,activation
28,1690,repression
28,1693,repression
28,1694,activation
28,1716,repression
28,1728,repression
28,1753,repression
28,1781,repression
28,1814,repression
28,1878,repression
28,1887,repression
28,1900,activation
28,1904,repression
28,1920,repression
28,1932,repression
28,1949,repression
29,113,activation
29,126,activation
29,32,activation
29,179,activation
29,99,activation
29,129,activation
29,226,activation
29,377,repression
29,1243,activation
29,1310,activation
29,322,activation
29,48,activation
30,33,repression
30,45,repression
30,70,activation
30,82,repression
30,91,repression
30,104,repression
30,143,activation
30,145,repression
30,148,repression
30,167,repression
30,181,repression
30,247,repression
30,325,repression
30,395,activation
30,418,activation
30,509,activation
30,520,repression
30,546,activation
30,742,repression
30,781,repression
30,813,repression
30,887,repression
30,1172,repression
30,1239,repression
30,1253,repression
30,1297,repression
30,1309,repression
30,1315,repression
30,1499,repression
30,1514,activation
30,1721,activation
30,1730,activation
30,1961,repression
30,1997,repression
31,48,activation
32,53,repression
32,69,activation
32,94,repression
32,102,repression
32,133,repression
32,140,repression
32,142,repression
32,159,repression
32,196,repression
32,198,repression
32,199,repression
32,253,activation
32,323,repression
32,374,repression
32,408,repression
32,491,repression
32,492,repression
32,572,repression
32,714,activation
32,778,activation
32,805,repression
32,998,repression
32,1133,repression
32,1146,repression
32,1274,repression
32,1350,repression
32,1481,repression
33,52,activation
33,787,activation
33,126,activation
33,974,activation
33,48,activation
33,382,activation
33,1711,repression
33,1899,repression
34,75,repression
34,125,activation
35,52,repression
36,77,activation
36,101,repression
36,105,activation
36,106,repression
36,148,repression
36,163,repression
36,199,repression
36,207,activation
36,220,activation
36,232,activation
36,263,repression
36,329,repression
36,335,repression
36,339,repression
36,416,activation
36,674,repression
36,721,repression
36,1027,activation
36,1092,repression
36,1323,repression
36,1526,repression
36,1544,repression
36,1556,repression
36,1740,repression
39,671,repression
40,266,repression
40,398,repression
40,1061,repression
40,1135,repression
41,116,activation
41,885,activation
41,1422,activation
41,319,activation
41,974,activation
42,544,repression
42,126,activation
42,733,repression
42,210,repression
43,52,activation
44,116,activation
45,47,repression
45,129,repression
45,272,repression
45,67,repression
46,346,repression
47,74,activation
47,98,activation
47,106,activation
47,162,activation
47,166,repression
47,234,activation
47,235,activation
47,375,activation
47,406,activation
47,428,activation
47,619,activation
47,627,activation
47,895,activation
47,980,activation
47,1451,activation
47,1921,activation
47,1931,activation
48,71,repression
48,93,repression
48,106,repression
48,163,activation
48,167,repression
48,189,activation
48,207,repression
48,230,activation
48,234,activation
48,235,repression
48,253,repression
48,266,activation
48,287,activation
48,354,repression
48,369,repression
48,379,repression
48,385,repression
48,453,activation
48,468,activation
48,499,activation
48,515,repression
48,598,activation
48,600,repression
48,624,repression
48,690,repression
48,716,repression
48,719,repression
48,740,activation
48,761,repression
48,805,repression
48,810,repression
48,906,activation
48,930,repression
48,940,repression
48,945,repression
48,1030,activation
48,1068,activation
48,1080,repression
48,1182,repression
48,1285,repression
48,1293,repression
48,1323,repression
48,1362,activation
48,1392,activation
48,1652,repression
48,1696,repression
48,1700,repression
48,1730,repression
48,1756,repression
48,1860,repression
48,1888,repression
48,1980,repression
48,1999,repression
49,269,repression
49,292,repression
49,298,repression
49,547,repression
49,731,repression
49,793,repression
49,914,repression
49,1903,activation
51,474,activation
52,66,activation
52,69,activation
52,70,activation
52,73,activation
52,74,activation
52,95,activation
52,101,activation
52,106,activation
52,107,activation
52,145,activation
52,157,activation
52,168,activation
52,172,activation
52,175,activation
52,183,activation
52,189,activation
52,203,activation
52,233,activation
52,239,activation
52,261,activation
52,263,activation
52,280,activation
52,307,repression
52,315,activation
52,354,activation
52,356,activation
52,402,activation
52,448,activation
52,481,activation
52,515,activation
52,560,activation
52,564,repression
52,598,activation
52,599,repression
52,601,activation
52,632,activation
52,637,activation
52,648,activation
52,703,activation
52,709,activation
52,720,activation
52,749,activation
52,756,activation
52,769,activation
52,780,activation
52,794,activation
52,808,activation
52,859,activation
52,868,activation
52,914,activation
52,934,activation
52,947,activation
52,962,activation
52,1035,activation
52,1047,activation
52,1109,activation
52,1110,activation
52,1116,repression
52,1143,activation
52,1150,activation
52,1306,activation
52,1307,activation
52,1341,activation
52,1375,activation
52,1393,activation
52,1421,activation
52,1473,activation
52,1510,activation
52,1552,activation
52,1572,activation
52,1597,activation
52,1610,activation
52,1612,activation
52,1643,activation
52,1648,activation
52,1685,activation
52,1828,activation
52,1869,activation
52,1879,repression
52,1947,activation
52,1959,activation
57,67,activation
57,407,repression
57,517,repression
57,508,repression
57,1424,repression
57,1868,repression
57,99,repression
61,126,activation
61,129,repression
61,67,repression
61,1859,repression
62,974,activation
62,67,activation
63,1272,repression
64,591,activation
64,1486,activation
64,1881,repression
65,126,repression
65,1428,repression
65,706,repression
65,380,repression
66,923,activation
67,326,activation
67,81,repression
67,182,repression
67,280,repression
67,344,repression
67,384,repression
67,448,activation
67,515,repression
67,601,repression
67,618,repression
67,717,repression
67,799,activation
67,954,activation
67,1082,repression
67,1387,repression
67,1395,repression
67,1453,repression
67,1524,repression
67,1713,repression
67,1875,repression
67,1902,repression
67,1962,activation
68,236,repression
70,129,repression
70,370,repression
70,896,repression
70,863,activation
70,205,activation
70,1019,repression
70,1722,activation
70,125,repression
70,591,repression
71,1324,repression
71,236,repression
72,984,repression
73,493,repression
74,123,repression
74,258,repression
74,116,repression
74,523,repression
75,592,repression
75,109,repression
75,151,repression
75,208,repression
75,211,activation
75,743,repression
75,978,repression
75,1204,repression
77,129,activation
77,536,repression
78,99,activation
79,205,repression
80,370,activation
80,1390,repression
80,508,activation
80,258,activation
81,1136,repression
81,1145,repression
81,1925,activation
83,125,repression
83,1877,repression
85,210,activation
85,129,activation
88,911,activation
89,288,activation
89,558,activation
90,630,repression
90,814,activation
90,123,activation
93,126,activation
93,842,repression
94,237,repression
94,1266,repression
94,319,repression
94,1391,repression
95,125,repression
95,99,repression
96,129,repression
96,422,activation
96,508,repression
96,1897,activation
97,1102,repression
98,126,repression
98,646,repression
98,1069,repression
98,173,repression
99,159,activation
99,169,repression
99,486,activation
99,512,repression
99,565,activation
99,668,repression
99,869,activation
99,1503,activation
99,1837,repression
100,1055,repression
100,1289,activation
101,458,repression
101,472,repression
101,125,activation
101,129,repression
101,1528,activation
102,126,repression
102,568,repression
102,971,repression
103,110,repression
103,226,repression
103,1653,repression
104,129,activation
105,831,activation
105,319,repression
105,1023,activation
105,129,activation
105,126,repression
105,1697,repression
106,224,activation
106,125,activation
106,319,activation
106,901,activation
106,129,activation
106,116,activation
106,1760,activation
106,1001,activation
106,197,activation
108,487,repression
108,417,repression
108,1513,repression
109,294,repression
109,831,repression
110,349,activation
112,783,repression
113,186,activation
113,332,activation
113,1043,activation
113,1789,activation
114,129,activation
114,1626,activation
116,135,repression
116,176,repression
116,208,repression
116,222,repression
116,275,repression
116,299,repression
116,393,activation
116,649,repression
116,839,activation
116,903,activation
116,1407,repression
116,1461,repression
116,1480,repression
116,1748,repression
116,1912,repression
116,1952,repression
117,225,activation
117,1021,repression
117,1298,repression
119,339,activation
119,351,activation
119,521,activation
119,1233,repression
119,1248,activation
120,224,activation
120,1198,repression
121,923,repression
122,136,repression
122,1054,repression
122,1101,activation
122,850,repression
122,1519,repression
123,268,activation
123,441,activation
123,704,activation
123,830,activation
124,542,repression
125,172,activation
125,204,activation
125,242,activation
125,393,repression
125,427,activation
125,532,activation
125,578,activation
125,586,activation
125,683,activation
125,719,activation
125,744,activation
125,766,activation
125,786,activation
125,949,activation
125,963,activation
125,968,activation
125,1073,activation
125,1076,repression
125,1123,activation
125,1565,activation
125,1749,repression
126,130,repression
126,141,activation
126,162,repression
126,174,repression
126,199,repression
126,207,repression
126,222,repression
126,240,repression
126,271,activation
126,275,repression
126,316,repression
126,317,repression
126,335,repression
126,376,repression
126,395,repression
126,618,repression
126,705,repression
126,728,repression
126,732,activation
126,752,repression
126,775,repression
126,803,repression
126,813,repression
126,894,repression
126,1026,repression
126,1050,repression
126,1157,repression
126,1226,repression
126,1326,activation
126,1364,repression
126,1369,repression
126,1425,repression
126,1489,activation
126,1520,repression
126,1545,repression
126,1604,activation
126,1678,activation
126,1688,repression
126,1798,repression
126,1813,activation
126,1894,activation
126,1948,activation
128,129,activation
128,173,repression
128,1367,repression
129,144,activation
129,160,activation
129,212,repression
129,218,activation
129,225,activation
129,269,repression
129,278,repression
129,302,activation
129,317,activation
129,323,repression
129,350,repression
129,351,repression
129,353,repression
129,355,activation
129,357,activation
129,360,activation
129,373,repression
129,378,repression
129,392,repression
129,416,repression
129,428,repression
129,446,activation
129,483,repression
129,490,activation
129,500,activation
129,506,activation
129,566,repression
129,601,repression
129,610,repression
129,717,repression
129,773,activation
129,779,repression
129,803,repression
129,816,repression
129,836,repression
129,891,repression
129,908,repression
129,982,repression
129,989,repression
129,1013,activation
129,1031,repression
129,1089,activation
129,1155,repression
129,1174,repression
129,1185,repression
129,1256,repression
129,1261,repression
129,1306,activation
129,1353,repression
129,1356,repression
129,1365,repression
129,1374,repression
129,1376,activation
129,1377,activation
129,1432,activation
129,1473,repression
129,1522,repression
129,1666,repression
129,1883,repression
129,1969,repression
130,529,activation
130,1287,repression
130,1670,activation
132,811,activation
136,418,repression
139,505,repression
140,173,repression
140,236,repression
140,192,repression
140,1262,repression
141,523,activation
142,417,activation
142,197,activation
145,591,repression
145,795,repression
146,489,repression
146,1069,activation
146,1493,repression
146,1570,repression
148,414,activation
149,205,repression
149,226,repression
154,322,activation
154,630,repression
157,833,repression
157,1634,repression
159,964,repression
159,294,activation
159,1078,repression
163,224,repression
166,205,repression
167,642,repression
167,715,repression
167,205,repression
167,1006,repression
167,1105,repression
167,1294,repression
172,541,repression
173,254,activation
173,356,activation
173,538,activation
173,684,activation
173,745,activation
173,858,activation
173,866,activation
173,878,activation
173,1207,repression
173,1229,activation
173,1383,activation
173,1388,activation
173,1873,activation
173,1938,activation
176,1402,activation
176,294,repression
177,676,repression
177,1698,repression
179,253,repression
179,265,repression
179,351,activation
179,754,activation
180,594,activation
181,1347,activation
182,863,activation
183,525,activation
183,701,activation
183,1635,activation
184,856,activation
185,672,activation
188,383,repression
189,377,repression
189,1094,repression
189,751,repression
191,751,activation
192,349,activation
193,1367,activation
193,487,activation
194,407,repression
196,680,repression
196,739,repression
196,760,repression
196,768,repression
196,346,activation
196,1394,repression
196,1507,activation
196,1128,activation
197,1613,repression
198,377,repression
199,886,repression
199,1251,repression
199,1885,repression
201,243,repression
201,319,activation
202,1258,activation
202,814,activation
202,1926,activation
204,1140,activation
204,1463,repression
205,579,repression
205,700,activation
205,1162,repression
205,1316,repression
205,1898,repression
207,417,repression
208,421,activation
210,323,repression
210,395,activation
210,836,activation
210,906,repression
212,802,repression
213,1276,repression
215,1090,repression
217,916,activation
218,1348,repression
218,1874,repression
222,541,activation
224,263,activation
224,308,repression
224,313,repression
224,323,repression
224,374,repression
224,567,repression
224,651,repression
224,698,activation
224,907,repression
224,1290,repression
224,1651,repression
224,1746,repression
224,1942,activation
225,1305,activation
225,319,activation
226,371,repression
226,960,activation
226,1077,repression
226,1112,repression
226,1205,repression
226,1584,repression
227,236,activation
227,1452,activation
228,326,repression
230,811,repression
230,1558,repression
234,236,activation
234,1434,repression
235,419,activation
235,1262,activation
236,459,activation
236,763,repression
236,794,repression
237,438,repression
238,920,activation
238,303,activation
238,1650,activation
245,494,repression
246,706,activation
248,414,repression
249,395,activation
249,972,repression
250,318,activation
253,1830,activation
257,262,repression
257,428,repression
257,826,repression
257,1103,repression
257,1592,repression
258,588,repression
258,815,activation
259,606,activation
263,414,repression
263,303,repression
264,950,repression
264,1490,activation
264,1788,activation
269,414,repression
269,877,repression
269,911,repression
269,1929,activation
272,338,repression
272,561,repression
272,798,activation
272,1047,activation
272,1269,activation
272,1825,activation
275,697,activation
283,819,activation
283,1477,repression
283,1357,repression
286,1151,activation
286,1735,activation
291,346,repression
291,1186,repression
294,773,repression
294,1073,activation
294,1114,activation
298,630,activation
301,380,activation
301,886,activation
301,1347,repression
303,356,activation
303,401,activation
303,488,repression
306,640,repression
309,544,repression
312,1642,activation
313,508,activation
315,812,activation
315,890,repression
316,382,activation
318,465,repression
318,1506,repression
319,334,activation
319,444,repression
319,790,repression
319,851,activation
319,1496,repression
319,1590,activation
319,1845,repression
319,1901,activation
319,1953,repression
320,517,repression
322,335,repression
322,473,repression
322,764,activation
322,808,activation
322,954,repression
322,1074,repression
322,1774,activation
322,1935,activation
326,954,repression
327,1805,repression
329,1078,repression
332,487,activation
333,1176,repression
338,680,repression
339,522,repression
341,585,activation
343,833,activation
346,1227,activation
346,1632,activation
347,494,activation
351,436,repression
356,1427,repression
356,383,repression
363,603,repression
363,1262,repression
364,1627,repression
365,484,activation
366,1078,repression
367,540,repression
370,390,repression
370,781,repression
370,844,activation
370,1022,activation
370,1148,repression
370,1492,activation
370,1676,activation
374,685,activation
374,715,activation
375,814,activation
375,889,activation
375,916,activation
376,461,repression
376,542,repression
377,473,activation
377,884,activation
377,914,activation
377,1535,activation
377,1672,activation
377,1854,activation
380,840,repression
380,895,repression
382,413,repression
382,1433,repression
386,1275,activation
387,1986,repression
388,635,repression
388,907,repression
392,407,repression
393,885,activation
396,514,repression
396,546,repression
396,574,repression
396,605,activation
396,809,repression
396,854,repression
396,865,repression
396,872,activation
396,934,repression
396,1049,activation
396,1133,repression
396,1317,repression
396,1831,activation
398,568,activation
400,458,activation
401,417,repression
404,1864,repression
405,449,activation
405,1378,activation
407,949,activation
411,1958,activation
414,1003,activation
414,1414,activation
415,942,repression
417,593,repression
417,608,activation
417,615,repression
417,1118,repression
417,1466,repression
418,1703,repression
419,634,repression
420,838,repression
420,536,repression
427,1836,activation
428,1546,activation
431,715,repression
431,1359,repression
431,1367,activation
431,449,repression
433,1895,activation
437,1954,activation
439,505,repression
439,863,repression
461,490,activation
461,1611,activation
464,911,activation
471,704,repression
471,772,repression
471,1606,repression
472,483,repression
474,1268,repression
474,1397,repression
474,1755,repression
474,1936,repression
481,617,activation
482,1001,repression
482,707,repression
485,757,activation
487,1231,repression
490,1638,activation
491,1005,repression
496,1163,activation
498,1799,activation
503,571,activation
504,707,repression
504,841,repression
505,1060,activation
505,1190,repression
505,1779,repression
506,1088,activation
508,917,repression
508,999,repression
513,770,repression
523,830,activation
523,1517,activation
525,887,activation
525,1238,activation
533,630,activation
540,972,activation
541,1766,repression
543,1151,repression
544,670,repression
544,1751,activation
544,1983,repression
558,1064,activation
563,707,repression
563,1759,repression
568,1207,activation
571,762,repression
577,849,activation
584,1527,activation
585,1609,repression
586,694,repression
588,1570,activation
591,915,activation
591,1004,activation
591,1214,activation
592,922,activation
598,663,activation
598,1486,repression
601,893,activation
601,739,activation
603,1601,activation
604,1236,repression
607,1242,activation
608,1321,repression
608,1325,repression
614,1138,repression
627,1079,activation
629,1247,repression
630,696,repression
630,702,repression
630,713,repression
630,756,activation
630,1504,activation
630,1595,repression
631,1363,repression
631,1501,repression
640,1210,activation
640,1838,activation
650,1180,activation
654,901,repression
659,911,activation
659,1839,activation
662,1602,activation
664,1653,activation
664,1994,activation
669,1704,repression
670,707,repression
673,733,activation
680,1588,activation
681,935,activation
694,799,repression
694,818,repression
694,830,repression
694,834,repression
694,1192,activation
694,1487,repression
694,1826,repression
694,1913,repression
697,1015,activation
702,1639,activation
704,928,repression
706,779,repression
706,1693,repression
707,1031,activation
707,1594,activation
708,1488,activation
715,1280,activation
715,1622,repression
715,1819,activation
717,1292,activation
727,1292,repression
727,1880,repression
733,1093,activation
742,1498,repression
744,861,repression
760,1398,activation
761,811,activation
764,1658,activation
768,1617,repression
779,1633,activation
783,1068,repression
787,986,repression
805,1692,activation
811,1179,repression
812,968,repression
812,1234,repression
812,1523,activation
813,1645,repression
814,845,repression
814,1319,activation
814,830,activation
814,1368,activation
820,1923,activation
827,1406,activation
827,1438,repression
828,1882,repression
830,1996,repression
835,1175,repression
844,1057,repression
849,1405,repression
850,1787,activation
852,1430,repression
852,1605,repression
852,1743,repression
856,1234,repression
859,1128,repression
863,1418,activation
886,1035,repression
887,1465,repression
889,1548,repression
889,1971,repression
890,1003,activation
893,1031,activation
907,1505,activation
907,1763,activation
911,940,activation
911,1172,activation
911,1416,repression
911,1941,activation
913,1300,repression
914,1616,activation
916,1002,activation
919,1313,repression
920,1677,repression
922,1744,activation
923,1776,repression
925,984,repression
935,1593,activation
944,1726,activation
949,1835,repression
951,1010,repression
960,1336,repression
964,1804,repression
966,1215,repression
968,1620,repression
970,1821,repression
974,1944,repression
974,1739,repression
977,1697,repression
984,1607,repression
1010,1075,activation
1020,1662,activation
1023,1099,activation
1023,1410,repression
1024,1291,activation
1031,1215,activation
1031,1628,activation
1047,1188,repression
1047,1336,activation
1049,1069,activation
1050,1596,activation
1053,1715,activation
1056,1386,repression
1064,1344,activation
1065,1890,repression
1072,1274,activation
1072,1797,activation
1078,1560,activation
1079,1135,activation
1101,1649,repression
1112,1262,activation
1135,1812,repression
1151,1426,activation
1158,1559,activation
1163,1842,activation
1187,1824,activation
1190,1348,activation
1193,1216,activation
1198,1400,activation
1201,1357,repression
1216,1516,activation
1232,1691,repression
1242,1785,repression
1254,1542,activation
1260,1431,activation
1272,1982,repression
1276,1603,repression
1291,1695,repression
1291,1844,repression
1323,1950,activation
1325,1520,activation
1328,1478,repression
1336,1536,repression
1343,1662,repression
1344,1738,activation
1424,1857,repression
1427,1481,repression
1434,1521,activation
1435,1455,activation
1445,1640,activation
1482,1723,activation
1508,1892,activation
1523,1623,activation
1525,1687,activation
1533,1976,activation
1539,1977,activation
1544,1616,activation
1551,1907,repression
1559,1930,activation
1560,1659,repression
1596,1770,repression
1616,1870,activation
1635,1724,repression
1635,1957,activation
1636,1833,activation
1636,1879,repression
1653,1668,repression
1663,1778,activation
1830,1972,activation
1840,1963,activation
